Laptop Name,Price,Laptop Sold
Adreamer Laptop 8GB RAM 1TB SSD Computer 13.3-inch Intel Notebook 2560X1600 Resolution Celeron N4020 Portable Computer,42346.94,496 sold
Adreamer Laptop 13.3 Inch Portable Laptops Low Price With Intel CPU 2.5K FHD IPS 8GB 1T SSD 2.5K FHD Display Notebook,40668.18,125 sold
"BOLUNSHUAI Laptop 15.6"" Intel Processor N95 or i7 Notebook 16GB RAM 1TB SSD Cheap Computer FULL HD Resolution Office Study PC",101690.92,63 sold
Laptop Intel Pentium N3700 16GB RAM 1024GB SSD Notebook 1920*1080 Resolution Windows 11 Unlock Computer Office Study gamer PC,51718.72,209 sold
14inch Student Cheap Laptop 6GB RAM 64GB/128GB/512GB SSD HD Cam WiFi Bluetooth Windows 10 Notebook Computer,45860.1,21 sold
Gaming Laptop 16 inch Intel Core i9-12900H NVIDIA RTX 4060 8G 64GB RMD 4TB SSD DDR4 Windows 11 HD Camera WiFi6 Portable Computer,318494.23,4 sold
2022 New 10 inch 2 in 1 Laptop/Tablet PC IPS Touch Screen 2GB 32GB/64GB WiFi Dual Cameras Windows 10 Tablet Netbook,39189.54,3 sold
NEW Laptop For HP 17-BS 17-AK 17-BR Series LCD Back Cover/Front Bezel/Hinges 926482-001 933291-001 Silver,5997.94,1 sold
New 14 inch Slim Cheap Notebook Laptop 12GB RAM 1TB/512GB/256GB SSD Windows 10 Quad Core School Netbook Laptops,52294.41,14 sold
Molosuper 14 inch Cheap Notebook Windows 10 6GB RAM SSD Student Laptop portable laptops Wifi Computer,40929.44,24 sold
Adreamer LeoBook 13 Laptop 13.3-inch Intel Celeron N4020 8GB RAM 1T SSD Windows 10 Computer Office School Notebook PC,39161.74,53 sold
"BEEX Dualscreen Laptop | Windows 11 Pro | Multi-Language Support | Portable Solution for Creativity, Work & Entertainment",95922.65,6 sold
Intel Core i9-10885H 16.1 inch Gaming Laptop GTX1650 4G Win 11 64GB DDR4 4TB SSD 8 Cores 12 Threads 4.8GHz designer Notebook,207573.93,45 sold
Tablet 10.9 Inch Intel N95 YOGA Touchscreens 16GB DDR5 2TB SSD HD Camera Backlit Keyboard 360° Fold Portable Compact Laptop,76969.93,18 sold
Lenovo Thinkpad X1C Carbon Business Laptop I7-10510U 16GB 512GB SSD 14 Inch IPS Screen Backlit High-end Thin and Light Ultrabook,637625.89,1 sold
For Macbook Air 13.6 15 M3 Laptop Case M1 Air A2337 Shining stars Crystal Cover Funda Mac book M2 Pro 13 14 16 A2338 A2442 Shell,3032.33,145 sold
Blackview Acebook 8 Laptop 15.6'' Win 11 12th Gen Intel Core N97 processor 16GB DDR4 512GB SSD 5000mAh Battery with 36W Charge,88938.02,184 sold
Gaming Laptop 15.6 Inch AMD R3 2200U 32GB RAM 2TB SSD Fingerprint Unlock DDR4 Windows 11 Blacklit Keypad Portable Notebook,110586.76,N/A
CHUWI GemiBook XPro Laptop 14.1-inch Intel N100 Graphics 600 GPU 8GB RAM 256GB SSD With Cooling Fan Windows 11 Notebook Laptop,66588.87,36 sold
FIREBAT A14 Laptop Intel N5095 14.1 Inch 16GB LPDDR4 RAM 512GB 1TB SSD Lightweight Business Computer Notebook FHD Fingerprint,80296.7,900+ sold
FIREBAT A16 16 Inch 100%sRGB Ultra Slim DDR4 16G RAM 1TB 1920*1200 Fingerprint Portable Intel N100 N5095 Notebook Laptop,88704.85,95 sold
"OneXPlayer miniPro AMD R7-7840U PC Games Handheld 32G+512G/1TB/2TB 7"" IPS Screen 1920*1200P Windows 11 Pocket 3A Play Laptop",195425.17,3 sold
Ninkear A15 Plus 15.6 inch FHD IPS Laptop 32GB DDR4 1TB AMD Ryzen7 5700U PCIE Notebook 5000mAh Long Battery Life,175099.42,9 sold
Baseus Laptop Stand for Macbook Air Pro Foldable Aluminum Vertical Notebook Stand Scalable Adjustable Support Tablet Kickstand,15578.35,"1,000+ sold"
"CHUWI MiniBook X 2 In 1 Laptop Tablet Intel N100 10.51"" FHD IPS Screen 12GB LPDDR5 512G SSD Windows 11 Notebook 1200*1920",86753.41,"1,000+ sold"
"CRELANDER Intel laptop 15.6"" +7"" Touch Screen 32GB RAM 1TB SSD Backlit keyboard Windows 11 Notebook Computer Dual Screen Laptop",99538.65,4 sold
CRELANDER Dual Screen Laptop 14+14 Inch 2K Touch Screen Notebook Intel N95 CPU 360 Degree Flip Metal Case 2 in 1 Laptop Computer,140087.32,73 sold
"PRITOM TAB11 Android 14 Tablet 10 Inch, 8GB(4+4 Expand) RAM + 128GB ROM, Octa Core, 5G WiFi, with Keyboard, Mouse, Case",32931.92,900+ sold
Mini Laptop 10.1 inch Ultra Slim Portable Handheld Small Size Business Office Pocket Teacher Lecture 8G RAM 512GB SSD Notebook,60618.72,12 sold
CRELANDER P8 8 Inch Mini Laptop Touchscreen Rotating 360 Degree Intel Alder N100 12GB WiFi6 Notebook Tablet PC Protable Laptops,109227.64,109 sold
Cheap L10 Dual Screen Laptop 15.6 Inch IPS + 7'' Touch Intel Celeron N5095 Max 16G DDR4 2T SSD Slim Office Notebook PC Computer,105645,15 sold
For ASUS Deluxe14 U4300 UX433 UX433F UX433FN UX434 Laptop Back Cover/Front Bezel/Hinge/Palmrest/Bottom Case Notebook Accessories,11245.45,N/A
2024 Portable Mini Laptops Metal Small Notebooks Windows 11 7 Inch Touch Screen office N4000 12GB+1TB IPS Netbook Micro Computer,91778.57,16 sold
CHUWI MiniBook X Tablet Laptop 2-in-1 Yoga Mode Intel N100 10.51 Inch 12GB LPDDR5 512G SSD Windows 11 Notebook Laptop 2 in 1,100300.21,110 sold
FIREBAT A14 New Arrival 14.1 Inch Ultra Slim 16G RAM 1TB 1920*1080 Fingerprint Portable Intel N5095 Notebook Laptop Computer PC,88581.3,3 sold
2024 Android 13 Tablets Pad 5 Pro 16GB+1TB 5G WIFI Dual SIM 10 Core Tablet PC Global Version 8800mah 4K Screen Original Tablette,15254.31,29 sold
OneXPlayer Minipro AMD R7-7840U mini PC Game Laptop OneXplayer 7 inch 1200P Windows 11 Pocket Handheld 3A Play Console Computer,191272.75,3 sold
CHUWI GemiBook XPro Laptop Intel N100 Graphics 600 GPU 14.1-inch Screen 8GB RAM 256GB SSD With Cooling Fan Windows 11 Notebook,69924.14,169 sold
OneXplayer X1 mini AMD R7-8840U 8.8'' 3-In-1Handheld PC Game Console Laptop Tablet 32G 64G+2T AI Computer Detachable Controller,312404.56,16 sold
17.3 inch for Dell Inspiron 7706 2-in-1 P98F P98F001 Laptop Display LCD Screen Touch Assembly Upper Part QHD 2560x1600,66010.75,2 sold
CHUWI MiniBook X 10.51 Inch 2-in-1 Tablet Laptop Intel N100 12GB LPDDR5 512G SSD Windows 11 Laptops Mini Notebook 2K FHD WiFii 6,100366.91,220 sold
"Original OneXPlayer X1 AMD Ryzen 7 8840U Laptop Tablet 3 IN 1 PC Game Console 10.95"" Windows 11 Handheld Controllers AI Computer",327924.73,10 sold
CHUWI GemiBook XPro 14inch UHD Screen Laptop 8GB RAM 256GB SSD Intel Celeron N100 Windows 11 Computer with Cooling Fan Notebook,69140.35,262 sold
External Hard Drive SSD 1TB High-capacity USB/Type-C Interface High-speed Mini Portable External Ssd for Laptops/desktop/phones,2508.57,800+ sold
"HONOR MagicBook X16 Plus 2024 Laptop AMD Ryzen R7 8845HS 16GB 32GB 512GB 1TB 16"" Inch 2.5K 120Hz Notebook Ultrabook Computer PC",195108.32,1 sold
(UP to 96G+4TB)Xiaomi Redmi G Pro Game Laptop 2024 Intel Core i9 i7 Notebook RTX4060 32G-96G DDR5 + 2TB-4TB SSD Gaming Computer,638981.28,1 sold
CRELANDER YG13 Dual Screen Laptop Intel N100 CPU 13.5 Inch 2.5k Touch Screen DDR5 16GB M2 SSD YOGA Laptop Notebook Tablet PC,171686.31,18 sold
High-speed 1TB External Hard Drive Portable 2TB Mobile Solid State Drive External Mini Hard Disk for Laptop/MAC/Desktop New,2391.39,"1,000+ sold"
GPD 2024 WIN Max 2 64GB RAM Memory 2TB SSD Hard Disk CPU AMD 8840U Processor Gaming Laptop Mini PC Notebook LPDDR 5,337697.1,6 sold
CHUWI MiniBook X Laptop Tablet PC 2 In 1 12GB LPDDR5 512G SSD Intel N100 10.51 Inch FHD IPS Screen 1920*1200 Windows 11 Notebook,98146.17,101 sold
"Ninkear Laptop N15 AIR 15,6"" IPS 1080P IPS Intel Celeron N95 3.4Ghz 16GB RAM 512GB SSD Gaming Office Windows 11 Notebooks",88938.02,1 sold
"IETS GT500 Laptop Cooling Stand V2/V1/S2/B0 Series Cooling Pad 5000RPM External Cooler for 13"", 15” to 17.3"" Gaming Notebooks",27316.52,263 sold
FIREBAT T6A-X 16 Inch AMD R7-7435H RTX 4050 DDR5 240Hz 2.5K Wifi6 BT5.1 32GB 1TB Gaming Gamer Notebook Laptop,308310.73,1 sold
"Hot Sale Gaming Laptop 16.1"" Full HD Display, Intel Core i9-10880H NVIDIA GeForce GTX 1650 64GB RAM 2TB SSD RGB Backlit Keyboard",237710.96,9 sold
2024 Xiaomi Redmi Book 16 Laptop Intel Core I5-13500H/I5-12450H Intel Iris Xe/UHD 16GB DDR5+512G/1TB SSD 16inch Notebook Work PC,177970.54,3 sold
"【World Premiere】Teclast T65 Max 13"" HD Display Android 14 Tablet MediaTek G99 8GB RAM 256GB ROM 10000mAh Battery Widevine L1",63034.01,3000+ sold
Xiaomi Redmi Book 14 Laptop 2024 Intel Core i7-13620H / i5-13500H / i5-13420H 16GB+512G/1TB SSD Intel Iris Xe / UHD Notebook PC,205672.82,N/A
GPD 2024 WIN Mini 32GB Memory 512GB 2TB SSD Hard Disk CPU AMD Ryzen Processor Handheld Gaming Laptop Mini PC Notebook,255426.86,111 sold
FIREBAT T6A-X 16 Inch Intel i9-12900HX/AMD R7-7435HS RTX 4060 DDR5 165Hz 2.5K Wifi6 BT5.1 32GB 1TB Gaming Gamer Notebook Laptop,303209.09,13 sold
New Game Laptop 15.6-inch HD Screen Intel Celeron N5095 Windows 11 System Dual Band WiFi 16GB RAM 1TB SSD Business Office Laptop,128702.94,38 sold
"TOPOSH 10.1"" Laptop Dual Core Windows 10 Notebook, 8GB RAM 64GB SSD Mini Netbook, Business Office Portable Ultra Thin Computer",40251.27,6 sold
2023 New 16 Inch Gaming Laptop NVIDIA RTX 3060 6G 12th Gen Intel i9 12900H i7 IPS Windows 11 Notebook Gamer PC Computer WiFi6,399844.48,1 sold
"Yepo 14.1 Inch Intel Celeron N4000 Laptop 4GB LPDDR4 RAM,64G SSD /500G HDD Windows 10 Work and Study Computer Notebook Silver",83104.06,2 sold
Hot New S24 Ultra Smart phone 7.3 inch Full Screen 4G/5G Cell Phone 22TB+2TB 7800mAh Mobile Phones Global Version Celulares,19451.61,500+ sold
CHUWI FreeBook Laptop Tablet PC 13.5 Inch FHD Touch Screen Windows 11 Intel N100/i3-1215U Quad Core 12GB LPDDR5 512G SSD WIFI6,104836.19,82 sold
"CHUWI FreeBook 2 In 1 Laptop Tablet 13.5"" FHD Touch Screen Intel N5100 N100 i3-1215U 12GB LPDDR5 512G SSD WIFI 6 2256*1504",102457.02,13 sold
"Gaming Laptop 16"" IPS FHD Display Intel Core i9 12900H i7-12700H GeForce RTX 3060 GDDR6 6GB 64GB DDR4 1TB SSD Windows 11 Pro",399844.48,26 sold
2024 New external Hard disk 1TB Solid-state SSD 2TB External hard drive High-Speed Mini Disk Hard Drive for Laptop/Mac Original,2214.04,"1,000+ sold"
2024 Xiaomi Redmi G Pro Game Laptop Intel Core i7-14650HX i9-14900HX RTX4060 16GB+1TB Notebook 16inch 240Hz Gaming Computer PC,391892.62,1 sold
CHUWI FreeBook Laptop Tablet 2 In 1 Intel N100/i3 1215U 13.5 Inch Touch Screen 12GB LPDDR5 512G SSD Computer Notebook Laptops,105191.53,8 sold
GPD Pocket 3 Windows 11 Home Business Laptop Notebook Mini PC Computer 16GB RAM 512GB 1TB SSD Intel Processor In Black,163706.66,51 sold
Original New For Dell Inspiron 16Plus 7610 Laptop LCD Back Cover Front Bezel Hinges Hinge Cover Rear Topcase 0HNYF4 0CXX81,13619.06,6 sold
"Lenovo XIAOXIN 16 2024 Laptop AMD Ryzen R7-8845H Intel Core i5-13420H RAM 16GB 32GB SSD 512GB 16"" Inch FHD Notebook Ultrabook PC",171205.48,2 sold
"HONOR MagicBook X16 Pro 2024 Laptop Intel Core i5-13500H AMD Ryzen R5 16GB 512GB 1TB 16""Inch FHD Notebook Ultrabook Computer PC",154807.02,3 sold
"CHUWI FreeBook 2-in-1 Laptop Tablet,512GB SSD 12GB LPDDR5,Intel N100/i3 1215U 13.5"" IPS FHD Display WIFI 6,Windows 11 Laptops",104335.41,21 sold
XCY Fanless Mini PC Intel Celeron J4125 DDR4 M.2 SSD RS232/485 2x LAN GPIO mPCIE 4G LTE 8x USB LVDS HDMI TPM 2.0 Windows 11,37936.03,186 sold
Cheap New GPD MicroPC Micro PC 8GB RAM 256GB SSD Hard Disk Pocket Laptop Computer Notebook PC 6 Inch Windows 10 Pro System,134522.96,39 sold
CHUWI GemiBook XPro Laptop 8GB LPDDR5 256GB SSD Intel N100 UHD Graphics for 12th Gen 14.1'' FHD 1920*1080 Windows 11 Laptops,71851.08,27 sold
GPD 2024 WIN 4 32GB Memory RAM 2TB Hard Disk Handheld Gaming Portable Laptop Mini PC CPU AMD 8840U Processor Touch Screen,287667.9,86 sold
BEBEPC Fanless Industrial Mini j6412 j4125 i5 4200U 5200U Dual LAN RS232 Win10/11 Pro Linux Ubuntu WIFI Desktop Computer Home pc,38911.6,289 sold
"Adreamer LeoBook 13 Laptops Office School Notebooks Windows 10 Netbook 13"" Intel Celeron N4020 8G 1T SSD WiFi PC for Student",38355.72,17 sold
i9 Laptop 15.6 Inch Core i9-8950HK/9880H/10980H Gen Processor 64GB RAM 4TB SSD Windows 11 Gaming Laptop Notebook Portable Laptop,141807.76,55 sold
Laptop 16 Inch Intel Core I9-11900H 32 GB DDR4 2TB SSD Fingerprint Unlock 8 Cores 16 Threads 4.9 GHz Wifi6 HD Camera Computer,150398.89,11 sold
XCY Fanless Mini PC Intel Core i7 4500U i5 4200U Gigabit Ethernet HDMI VGA Display 8x USB Ports Support WiFi Windows Linux,42410.86,146 sold
2023 Cheapest 15.6 inch Windows 11 Notebook Laptop 16GB RAM 1TB/512GB/256GB SSD Fingerprint Unlock Gaming Computer,73167.7,7 sold
Laptop 11.6 Inch Intel Celeron N4020 360° flips HD Camera Touchscreens 6GB DDR4 2TB SSD 4500 mAH 2.8 GHz Lightweight Tablet,71519.52,N/A
Laptop Dual Screen Intel N100 Backlit Keypad 32GB RAM 2TB SSD Fingerprint Unlock 180° Fold HD Camera Business DDR4 Computer,158361.88,3 sold
Original LM215WF9 SSA1 SSA2 SSA3 SSA4 SSB1 SLB1 SLA2 MV215FHM N30 N40 N50 N60 M215HCA L3B L5Z T215HVN05.1 M215HAN01.1 LCD Screen,16342.87,111 sold
"CHUWI MiniBook X Laptop Tablet 2 In 1 Intel N100 /N5100 10.51"" FHD IPS Screen 12GB LPDDR5 512G SSD Windows 11 Notebook 1200*1920",100019.49,304 sold
FIREBAT A16 New Arrival 16 Inch 100%sRGB Ultra Slim DDR4 16G RAM 1TB 1920*1200 Fingerprint Portable Intel N100 Notebook Laptop,97668.6,12 sold
CHUWI 10.51 Inch MiniBook X Laptop Tablet 2-in-1 Intel N100 YOGA mode 360 Degree 12GB LPDDR5 512G SSD Windows 11 Notebook Laptop,100111.2,21 sold
100% original 1TB External Hard Drive 2TB Portable SSD E81 Mobile Solid State Drive High-speed Decives Hard Disks for PC/ Mac,4312.49,43 sold
CRELANDER P8 Mini Laptop 8 Inch Touch Screen Intel Lake N100 12GB DDR5 WiFi 6 2 In 1 Laptop Notebook Tablet PC Pocket Laptop,88662.86,53 sold
CRELANDER 360 Degree Rotating Touch Screen Laptop 14 Inch Intel N5105 RAM 16GB Windows 11 Portable PC Notebook 2 In 1 Laptop,120917.8,13 sold
"CRELANDER 14 ""10.5""Yoga Laptop Intel 12th Gen N95 Processor M2 SSD 2K Dual Touch Screen Laptop Computer With Handwriting Mini PC",122946.76,25 sold
External Hard Drive 1TB Portable SSD USB 3.1/Type-C 2TB Soild State Disk High Speed Storage Hard Drive For PC/Mac/Laptops/Phone,2445.2,418 sold
CHUWI 14.1-inch GemiBook XPro Laptop Intel N100 Graphics 600 GPU Screen 8GB RAM 256GB SSD With Cooling Fan Windows 11 Notebook,69826.87,18 sold
OneXPlayer 2 Pro AMD R7-8840U 3 in 1 Tablet Laptop PC Game Console Handheld 8.4 Inch 2.5K 32G RAM 2TB SSD Windows 11 Computer,277033.92,8 sold
CRELANDER X16 Double Screen Laptops 16 Inch + 14 Inch Touch Screen Intel Core I9 10th Windows 11 Portable PC Notebook Computer,233905.97,13 sold
Hagibis USB C Hub for Mac mini M1/M2 with HDD Enclosure 2.5 SATA NVME M.2 SSD HDD Case to USB C Gen 2 DP SD/TF docking station,21834.97,55 sold
"CHUWI FreeBook Laptop Tablet 2 in 1 Intel i3 1215U 12GB LPDDR5 512G SSD Windows 11 Laptop 13.5"" IPS FHD Display WIFI 6 2256*1504",102737.74,91 sold
"acer Gadget Laptops e10 ACER ETBook Gaming Laptop 14"" Intel Core i5-12450H 16GB LPDDR4 512GB SSD 2160*1440 Screen Win 11 Laptops",138692.06,22 sold
"2022 Newest Premium Laptop Computer 15.6"" Full HD 1080P IPS Screen 12th Gen Intel Core i9 10885H i7-1255U WiFi Webcam Windows 11",219655.98,1 sold
SmartPhone Android S24 Ultra 16GB+1TB with case Unlocked Mobile Phones 5G Dual Sim Card CellPhone 7.0 HD Global Version Celulare,14685.16,232 sold
Dual-screen Laptop 14 inch Touch LCD 32GB/16GB/8GB RAM 2TB/1TB/512GB SSD I7 10th Generation 6 Cores Gaming Laptops Notebook,227257.64,9 sold
FIREBAT T6A-X 16 Inch Intel i7-12800HX RTX 4070 DDR5 240Hz 2.5K Wifi6 BT5.1 32GB 1TB Gaming Gamer Notebook Laptop Computer,374751.68,6 sold
"CHUWI FreeBook 2023 Laptop i3-1215U 6 Cores Processor 13.5"" IPS Screen 2 In 1 Laptop Tablet PC 12GB RAM 512GB SSD Support Stylus",128263.76,85 sold
XOKY Business Backpack Laptop Backpack School Expandable USB Bag Fashion Large Capacity Laptop Waterproof Travel Backpack 2101,7069.76,27 sold
FIREBAT T6A-X 16 Inch Intel i9-12900HX/AMD R7-7435HS RTX 4060 DDR5 165Hz 2.5K Wifi6 BT5.1 32GB 1TB Gaming Gamer Notebook Laptop,303209.09,63 sold
"16"" Premium Gaming Laptop 16.1"" IPS 12th Gen Intel 14-core i9-12900H 32GB RAM 1TB SSD GeForce RTX 3060 6GB Graphic RGB Backlit",258434.17,1 sold
"Kingnovy Fashion Gaming Laptop Intel i9 12900H i7-12700H NVIDIA GeForce RTX 3060 GDDR6 6GB GPU 16"" FHD IPS Display RGB Keyboard",280377.54,4 sold
Original External Hard Drive 1TB 2TB High-speed Hard Disks USB 3.1/Type-C Mobile Storage Device for Laptops/Smartphone/MAC/PC,4284.59,17 sold
GPD 2024 WIN Max 2 32GB 64GB RAM 2TB SSD Hard Disk CPU AMD Ryzen Processor Gaming Laptop Mini PC Notebook LPDDR 5,336307.4,66 sold
OneXPlayer X1 mini AMD R7-8840U PC Game Console 3 IN 1 Laptop Tablet 8.8 Inch LTPS Touch Screen Computer Detachable Controller,277662.06,12 sold
FIREBAT U6 NEW 16 Inch Gaming Laptop Ryzen 7 8845HS 2560*1600 DDR5 Wifi6 BT5.1 120Hz Business Ultra Slim Computer Notebooks,250658.15,6 sold
Original 2tb external hard drive 1TB portable external SSD Mini Hard Disks High-speed Drive External Solid State Hard Drive New,3126.35,"5,000+ sold"
"OnexPlayer miniPro AMD Ryzen 7840U Handheld 3A Gamepad Laptop 32G 1T 2T PC Game Console Win11 7"" 1200P Touch Pocket Computer",190983.69,6 sold
Kingnovy L14 YOGA Dual Screen 360° Laptop 12th Gen Intel N95 2*14 Inch 2.5K Touch IPS Windows 11 Tablet PC 2 in 1 Notebook WiFi,139270.17,4 sold
"CHUWI HeroBook Plus 15.6'' Laptop, 256GB SSD 8GB RAM, Windows 11 Laptop, 1TB SSD Expand, Intel Celeron N4020, 2K FHD IPS Display",62878.18,21 sold
2024 NEW S25 Ultra Smartphone 7.3 HD Screen 16G+1T 6800mAh Android13 Celulare 5G Dual Sim Face Unlocked Original Mobile Phone,22009.21,64 sold
Gaming Laptop 16 Inch Intel Core I7-1360P NVIDIA MX550 4G 32GB DDR4 2TB SSD Window 11 12 Cores 16 Threads Portables Netbook,224461.57,1 sold
Laptop 15.6 Inch Intel I7-1355U NVIDIA MX450 Backlit Keyboard 32GB DDR4 2TB SSD 10 Cores 12 Threads Fingerprint Unlock Computer,158803.8,N/A
Intel N95 NVIDIA Mx330 2G 15.6inch Gaming Laptop 32GB DDR4 2TB SSD HDMI Win11 HD Camera Fingerprint Unlock Lightweight Computer,106867.93,1 sold
"UnionSine 4TB 6TB 8TB 10TB 12TB 18TB 3.5""USB 3.2Gen HDD Compatible External Hard Disk PC/Desktop/Laptop/Mac/Xbox/Xbox One/PS4/TV",43180.76,800+ sold
Dual Screen Laptop Intel Core i9-10885H 16.1+14.1 Inch 5.3GHz 64GB RAM 4TB SSD DDR4 Window11 HD Camera Portables Office Computer,194635.83,N/A
CRELANDER Double Screen Laptop Core i9 10th Generation Windows 11 Touch Screen Gamer Laptop PC Portable Notebook Computer,210028.14,6 sold
"CHUWI FreeBook Tablet Laptop 2 in 1 Intel i3 1215U 12GB LPDDR5 512G SSD Windows 11 Laptop 13.5"" IPS FHD Display 2256*1504 WIFI 6",130128.72,74 sold
XPPen Deco Fun XS Graphic Tablet 8192 levels Tilt Digital Drawing Tablet 266RPS Support Android Mac Linux Windows Chrome,5867.31,64 sold
CRELANDER Dual Screen Laptop 16.1 Inch + 14.1 Inch Touchscreen Core i9 10885H Processor Gaming Laptop Business Notebook Computer,251883.12,11 sold
"CHUWI Laptop HeroBook Plus 15.6"" Intel Gemini lake N4020 8GB RAM 256GB SSD 1920*1080P Computer Windows 11 Full Layout Keyboard",61897.24,15 sold
CRELANDER Dual Screen Laptop 16 Inch 14 Inch Touch Screen Intel Core I9 10885H Notebook Computer PC Portable Gaming Laptop,254984.94,1 sold
Portable Mini PC Gamer Intel Core i9 8950HK Windows 11 Mini Computer 16GB DDR4 512GB 1TB SSD 1000M Ethernet Gaming PC Desktop,62846.69,56 sold
GPD 2024 WIN Max 2 32GB 64GB RAM 2TB SSD Hard Disk CPU AMD Ryzen 7 8840U Processor Gaming Laptop Mini PC Notebook LPDDR 5,378276.34,24 sold
"Lenovo XIAOXIN Pro 16 2024 Laptop Intel Ultra 5 9 125H 185H AMD Ryzen R7-8845H RAM 16/32GB SSD 1TB 16"" Inch 2.5K 120Hz Notebook",223458.2,8 sold
16.1 Inch Business and Gaming Laptop 1920*1280 HD Display Intel Core i9 10885H i7 10870H 64G DDR4 RAM 2TB SSD Nvidia GTX 1650 4G,228569.51,1 sold
"UStation Δ / Delta Plus Stacked Monitor No Drive Required Laptop Dual Screen Folding 18.5"" With USB C Mini HDMI For PC Mac Phone",92050.95,380 sold
12th Gen Mini Gaming Laptop Intel Alder Lake N100 8 Inch Touch Screen 12G DDR5 Windows 11 Notebook Tablet PC 2 in 1 WiFi6,96022.72,12 sold
12th Gen i7 i5 15.6 Inch IPS Gaming Laptop i9 10880H i7 1260P NVIDIA MX550 2G NVMe Fingerprint Ultrabook Notebook Windows 11 10,186589.46,9 sold
FIREBAT U6 NEW 16 Inch Laptop Ryzen 7 7735H/7840H 2560*1600 DDR5 Wifi6 BT5.1 120Hz Business Ultra Slim Computer Notebooks,200159.84,23 sold
UPERFECT Z 2K 14 Inch Laptop Monitor Extender USB C HDMI Portable Travel Display For PC Mac PS4/5 XBOX w/ Speakers & Kickstand,44467.62,47 sold
"HONOR MagicBook Pro 16 HUNTER 2024 Gaming Laptop Intel Ultra 5 7 NVIDIA RTX 4060 24 32GB 1TB 16"" Inch 3K 165Hz Gamer Computer PC",397170.7,5 sold
"CHUWI 14.1"" GemiBook XPro Laptop Intel N100 Graphics 600 GPU 8GB RAM 256GB SSD With Cooling Fan Windows 11 Notebook N100 Laptop",69207.06,N/A
CRELANDER Gaming Laptop 16.1 Inch Intel Core i9 10th Generation Nvidia Graphic GTX 1650 IPS Screen 144Hz Gamer Laptops Notebook,315183.96,N/A
New Game Laptop 15.6-inch HD Screen Intel Celeron N5095 Windows 11 System Dual Band WiFi 16GB RAM 1TB SSD Business Office Laptop,128702.94,38 sold
"Lenovo LEGION Y9000P 2024 Gaming Laptop Intel i9-14900HX NVIDIA RTX 4060 4070 8GB 16""Inch 2.5K 240Hz Notebook Ultrabook Gamer PC",590061.06,N/A
14 inch Cheap Laptops 6GB RAM maxi 512GB SSD / 1TB HDD School Notebook WiFi Bluetooth Windows 10 Portabl Laptop Computer,69151.47,N/A
"XIAOMI Redmi Book 14 2024 Laptop Intel i5 13500H RAM 16GB SSD 512GB 14""Inch 2.8K 120Hz Windows 11 Notebook Ultrabook Computer PC",166202.56,2 sold
Laptop CPU Cooling Fan PAAD06015SL 0.55A 5VDC -N318 3PIN,3971.76,2 sold
"2 in 1 CHUWI FreeBook Tablet Laptop Intel i3 1215U 12GB LPDDR5 512G SSD Windows 11 Laptops 13.5"" IPS FHD Display WIFI6 2256*1504",134725.85,3 sold
12th Gen P8 N100 Mini Gaming Laptop Intel Alder Lake N100 8 Inch Touch Screen 12G DDR5 Windows 11 Notebook Yoga Tablet PC 2 in 1,122290.82,1 sold
Laptop 14 inch Window 10 AMD i3 i5 i7 CPU 8GB DDR4 With 128GB 256GB 512GB SSD 1TB HDDCamera 4.1 notebook for gaming laptop mini,77823.2,N/A
Gaming Mini PC with AMD Ryzen7-3750H/AMD3150U 512G M.2 NVME Dual DDR4 Support Windows10/11 WIFI Bluetooth4.2 Office Computer,71955.89,N/A
Factory direct supply new cheap gaming laptop 15.6 inch PC notebook computer,99780.46,N/A
"acer Gadget e10 Laptop 14"" ETBook Intel i5-12450H 2160*1440 FHD 16GB LPDDR4 512GB SSD M.2 Up To 1T Computer Windows 11 Laptops",145354.63,N/A
2018 New China Factory Price Intel Windows10 Best Mini OEM 14 inch Notebook Computer Laptop Tablet Pc,77823.2,N/A
For xiaomi Portable SSD E61 1TB Hard Disk 2TB USB 3.1 HD External Hard Drive for Laptop Mobile Hard Disks HDD Storage Device,2186.53,2 sold
13.3 Inch Notebook Air Ultrabook Laptop With Core I3/i5/ i7 CPU With 128 GB 256GB 512GB 1TB SSD,60868.86,N/A
"Best seller laptop 14 inch core i3,I5 ,I7 CPU notebook with n3050CPU",71986.46,N/A
"US EU version Air Laptop 13.3 Inch Mini Notebook IPS Screen I5cpu/i7 cpu with Z8350 cpu,gaming laptop computer gaming pc",60868.86,N/A
HDMI DisplayPort KVM Switch Dual Monitor 4K 60Hz 2x2 Mixed inputs DP HDMI KVM Switcher 2 Monitors 2 Computers for PC laptop Mac,17157.24,3 sold
Cheap slim laptop 13.3 inch win 10 Intel notebooks laptop computer,60868.86,N/A
13.3 inch ultra thin laptop 1080P intel Core I3 i5 i7 CPU 8G DDR4 2133MHz 128G 256G 512GB SATA SSD notebook,112565.7,N/A
"Kingnovy 12th Gen Gaming & Business Laptop Intel i7-1255U 1260P i5-1240P 12 Cores 16 Threads 64GB RAM 4TB Nvme SSD 15.6"" Full HD",222018.47,N/A
8th gen Intel Core i7-8550U i5-8250U Fanless Mini PC HDMI VGA RS232 COM Windows 10 Pro Industrial Rugged ITX Mute Computer 4G,89480.01,2 sold
CHUWI GemiBook XPro Laptop 8GB RAM 256GB SSD Intel N100 Laptops 14.1 Inch 1920X1080 FHD Display Cooling Fan Windows 11 Notebook,71851.08,1 sold
ASUS ROG Flow Z13 Gaming Laptop Intel Core i9 12900H 16G RAM 1T SSD RTX3050Ti 4GB 4K Screen 13.4Inch E-sports Notebook Computer,637625.89,1 sold
Business-Laptop Windows 10 11 Pro RAM 16GB DDR 128/256/512GB 1TB SSD 15.6Inch Cheap Portable Intel Laptop With Fingerprint,157864.36,N/A
Original Hard Drive For Xiaomi 1TB 2TB Portable SSD USB 3.1 External Hard Disk Mobile Solid State Drive for Laptops/MAC/Phone/PC,2789.96,274 sold
Teclast F7S Notebook 14.1 ''Windows 10 Intel N3350 Dual Core 2.4GHz 8 GB RAM 128 GB SSD 2.0MP front Camera 7 hour mix-use Laptop,101406.41,N/A
Laptop16GB RAM 15.6inch IPS FHD Gaming Business Laptop 2TB SSD Windows10 With Fingerprint Backlit BT4.0 5G-WiFi Cheap Notebook,112535.13,N/A
Xiaomi RedmiBook 16 Laptop 2024 13th intel i5-13500H Xe Graphics 16GB DDR5 512GB/1T SSD 16-inch 120Hz IPS Screen Notebook PC,211262.19,1 sold
"15.6"" Windows 11 Pro Intel Core i7 8500Y Laptop 20GB RAM 1TB 2TB SSD 1920*1080 HD Notebook Office Computer Fingerprint Unlock",77495.18,6 sold
"CHUWI MiniBook X 2-in-1 Laptop, 12GB RAM 512GB SSD, 12th Gen Intel N100(up to 3.4GHz),10.51"" Windows 11 Touchscreen Laptop Webca",104873.48,5 sold
ASUS VivoBook15/360 Office Laptop Intel Corei5 1135G7/Celeron N4500/Pentium N5030 4G/8G/20G RAM 256G/512G SSD Slim Notebook,414508.64,N/A
"ACER Gadget e10 ETBook Gaming Laptop Intel Laptop Core i5-12450H 16GB RAM 512GB SSD Computer 14"" 2K IPS WiFi6 Windows 11 laptops",143060.49,6 sold
Original 23.8-inch MV238FHM N20 MV238FHM-N20 B4 IPS 30 Pins 60HZ FHD LCD Screen For DELL For HP For Lenovo Computer Monitors,14980.97,14 sold
Xiaomi RedmiBook Laptop Pro15 Ryzen AMD R7-6800H Radeon 680M 15.6Inch 3.2K Screen 16GB RAM 512G/1T SSD Notebook Win11 PC,195113.88,N/A
Slim Laptop HP 14 Pro 14'' Notebook Intel i5-12500H/i7-12700H 16GB RAM 512GB SSD Fingerprint Unlock,533998.73,N/A
5G-WiFi 15.6inch IPS 12GB DDR4 RAM Cheap Laptop 512G SSD Notebook Windows10/11 With Fingerprint Backlit BT4.0 For Gaming Busines,148414.4,N/A
For Lenovo 330S-15 330S-15IKB 330S-15ISK Laptop LCD Back Cover/Front Bezel/Hinge/Bottom Laptops PC Case Notebook Accessories New,6970.73,2 sold
BSLAY 2024 New 15.6 Inch Gaming Laptops AMD Ryzen R7 4700U MAX 32GB DDR4 M.2 2TB SSD Windows 10/11 Notebook Blacklit Keyboard,114883.72,13 sold
"CHUWI FreeBook Tablet Laptop 2 in 1 Intel i3 1215U / N100 Windows 11 Laptop 13.5"" IPS FHD Display 12GB LPDDR5 512G SSD 2256*1504",132516.23,9 sold
CRELANDER 16 Inch Business Laptop IPS Screen Intel Celeron N5095 12GB RAM Quad Core Bluetooth 5.0 Notebook Computer,81783.85,5 sold
New External Hard Drive 1TB Portable SSD HARD DISK 2TB High-speed External Solid State Drive Mobile Hard Drive for Laptop Mac PC,2392.99,"1,000+ sold"
CRELANDER Dual Screen Laptop 16 Inch + 14 Inch Touch Screen Intel Core I9 Notebook 4TB SSD M2 Windows 11 Computer Gaming Laptops,251883.12,8 sold
CRELANDER Gaming Laptop 16.1 Inch Intel Core i9 10th Generation Nvidia Graphic GTX 1650 IPS Screen 144Hz Gamer Laptops Notebook,350262.76,5 sold
CRELANDER Laptop Gamer 16 Inch Intel Core i9 Processor 2.5k IPS Screen 165Hz RTX 3060 6G RAM 64GB 4TB SSD Notebook Gaming Laptop,314889.34,N/A
"14 inches Laptop Expansion Screen FHD Portable Tri-screen Monitor for 2 Displays for Windows, MacOS for 13.3-16.5 inch Laptop",57530.8,29 sold
"Lenovo LEGION Y7000P 2024 Gaming Laptop Intel i7-14650HX 14700HX NVIDIA RTX 4050 4060 4070 16""Inch 2.5K 165Hz Gamer PC Notebook",324906.3,7 sold
"XIAOMI Redmi G Pro Gaming Laptop 2024 Intel Core i9-14900HX NVIDIA Geforce RTX 4060 16""Inch 2.5K 240Hz RAM 16GB SSD 1TB Gamer PC",369376.7,5 sold
High quality 15.6 inch laptop i3 i5 i7 graphics GT940 DDR4 laptop With 128GB 256GB 512GB SSD 1TB HDD,80046.72,N/A
S24 Ultra Smart Phone 22GB+2TB 7.3 HD Screen Mobile Phone 5G Dual Sim 108MP Camera Android14 Unlocked 7000mAh 10 Core Cell Phone,32891.26,500+ sold
New 15.6 inch laptop core i7 i5 i3 Win10 build in laptop computer 8GB 16GB RAM with 128GB 256 GB Notebook computer,80046.72,N/A
15.6 inch i7 Gaming Laptops With 8G RAM 1TB 512G 256G 128G SSD Ultrabook Win10 Notebook Computer,83104.06,N/A
11.6 Inch Touch Screen Laptop 128GB DDR4 Rotation Notebook N4100 360° Flip Ultra Thin Yoga Netbook Type-C Computer Quick Charge,105339.26,N/A
New For HP Pavilion 17-BY 17-CA 470 G7 17Q-CS Laptop LCD Back Cover Front Bezel Palmrest Bottom Case Hinges DVD Cover Upper Case,15842.58,2 sold
New Wholesale Core I3 I5 i7CPU Laptop Gaming Computers 15.6 inch with 6G Max 8G 16G Ram 1TB 2TB HDD 512G SSD Metal Cover DVD RW,88662.86,N/A
china shenzhen factory cheap 15.6 inch notebook computer manufacturer portable laptop personal office and business use,99780.46,N/A
"Newest 15.6"" I3 i5 i7 CPU 1920x1080 IPS Notebook 8GB RAM 128GB ROM Laptops Windows 10 Computer13P",99780.46,N/A
XPPen Artist 12 2nd Gen 12 Inch Graphic Tablet Monitor 8192 Levels 60 Tilt X3 Stylus Art Drawing Tablet For Android Windows Mac,52583.47,486 sold
Wholesale portable 14 inch tablet price china cheap laptop,77823.2,N/A
New Xiaomi RedmiBook 14 2024 Laptop 13th i5-13500H/16GB DDR5 512GB /1TB SSD 14 inch 2.8K 120Hz business office Notebook PC,216793.2,1 sold
"ACER Gadget e10 ETBook Laptop 14"" 16GB RAM 512GB SSD intel i5-12450H Graphics for 12th Gen Computer 2160*1440P Windows 11 WiFi6",143730.87,N/A
"【NEW】Teclast T50 Max Android 14 Tablet 11"" FHD+ 90Hz Display TÜV Rheinland MediaTek G99 8GB RAM 256GB ROM 8000mAh 18W 4G LTE Tab",49181.48,"1,000+ sold"
14'' Office Laptop HP 14S Intel N4500/i5-1135G7/i7-1260P/Ryzen5-5625U/R7-5700U Protable Computer Window 11 system. ,446393.92,N/A
ASUS ROG Flow X16 Gaming Laptop 12th Intel Core i9 12900H 32G RAM 1T SSD RTX3080Ti-16GB 2.5K Screen 165Hz 16Inch E-sports Comput,1036191.89,6 sold
ASUS ROG Zephyrus G15 Gaming Laptop AMD Ryzen 9 6900HS 32G RAM 1T SSD RTX3080-8GB 2.5K Screen 240Hz15Inch E-sports Computer,1275331.49,1 sold
INPHIC M1P Rechargeable Wireless Mouse [Power Display Enhanced Edition] Office Light Sound Laptop Home 2.4G Ultra Thin Portable,2328.03,137 sold
HP ZHAN 66 Gaming Laptop Core i5/i7 13th Gen Intel 16GB RAM 1TB SSD 14/15 Inch Window 11System,637625.89,N/A
Teclast F6s 13.3 Inch Notebook PC 1920*1080 Ips Laptop Intel Apollo Lake N3350 Windows10 Quad Core LPDDR4 8GB RAM 128GB SSD,115069.94,N/A
CHUWI CoreBook X Gaming Laptop 14.1 inch FHD IPS Screen 16GB RAM 512GB SSD Intel Six Cores i3-1215U Core UP to 3.70 Ghz Notebook,115389.57,9 sold
For ASUS VivoBook 15X S513 K513 X513FP FA FF K513FP M5100 V5100U Laptop Back Cover/Front Bezel/Hinge/Bottom Laptops Case New,9091.42,N/A
Ultrabook Intel Celeron N3350 6GB RAM 2TB SSD 14 Inch Laptop HDMI HD Camera 2.4 GHz Portability Gaming Computer Components,71219.34,N/A
Gaming Laptop 16 Inch Intel Core I9-11900H 32 GB RAM 2TB SSD Fingerprint Unlock 8 Cores 16 Threads Wifi6 HD Camera DDR4 Computer,165235.33,6 sold
Laptop 15.6+7inch Intel N100 32GB DDR4 2TB SSD Backlit Keypad 1920*1080 Screen HD Camera Fingerprint Unlock Office Ultrabook,110567.31,1 sold
Mini PC Intel Celeron N5105 M.2 NVME SSD 8GB LPDDR4 Dual-band WiFi Bluetooth 4.0 2.5GbE LAN 4K UHD Windows 11/10 linux laptop co,64204.14,N/A
15.6 Inch Notebook AMD R3 2200U 32GB RAM 2TB SSD DDR4 Windows 11 Blacklit Keypad Fingerprint Unlock Portable Gaming Laptop,78506.93,N/A
CRELANDER i9 Laptop 15.6 Inch Core i9 8th/9th/10th Gen Processor 32GB RAM Windows 11 Gaming Laptop Notebook Computer Portable PC,277373,21 sold
CRELANDER Dual Screen Laptop 16 Inch 2K LCD + 14 Inch Touch Screen Core i9 10885H 64GB RAM Zenbook Duo Laptop Gaming Notebook,251927.6,4 sold
160gb 250gb 320gb 500gb 1tb 2tb Internal Laptop Hard Drive Laptop PC Component 2.5HDD SATA2-SATA3 8mb / 32mb 5400RPM-7200RPM hdd,16203.9,230 sold
CRELANDER 15.6 Inch Laptop 1920*1080 IPS Touch Screen Intel N5095 2TB SSD With MX450 2G RGB Backlit Windows11 Notebook Laptops,201678.82,N/A
15.6 inch 1920*1080 Portable Computer Gaming i3 i5 i7 Dual Quad Core Notebook Laptops Cheap,99780.46,N/A
Laptop china low price 13.3 inch 500GB Window 10 notebook computer cheap laptop,60868.86,N/A
Global Version S24 Ultra smart phone 7.1 inch Ultra-large capacity 22GB + 2TB 4G dual SIM card 5G mobile phone global edition,7778.41,126 sold
Light weight notebook air 13.3 inch laptops Intel Core i3 cpu i5 cpu/i7cpu mini laptop.,60868.86,N/A
15.6 inch Gen i7 I3 I5 cpu notebook with 128GB 256GB 512GB SSD gaming laptop,80046.72,N/A
Cheap Price High Quality Fast Delivery 14 Inch Laptop Supplier From China,77823.2,N/A
XPPen Artist 22 Plus Graphics Tablet Monitor 16K Pressure Levels X3 Pro Smart Stylus 22-inch 130% sRGB for Android Windows Mac,124959.04,108 sold
CRELANDER Z141 YOGA Laptop Intel N100 Processor IPS Touch Screen DDR4 16GB 360 Degree Folding Notebook Computer Mini Laptop PC,122857.82,6 sold
"15.6inch Laptop intel I5 8th generations CPU ,Integration card 16GB memory 512GB SSD Ultrabook notebook gaming laptop",127852.4,N/A
wholesale 15.6 inch J3455 educational gaming portable slim study notebook cheap laptop,99780.46,N/A
GMKtec K8 Plus AMD R7 8845HS Gaming Mini PC 8-core 16-thread 32GB DDR5 1TB SSD Computer PC Mini Computer PC Gaming Desktop PC,115976.02,83 sold
Laptop 15.6 inch Win 10 Intel Core i7 I5 CPU Quad Core 2.8GHz 16GB RAM 256GB SSD + 1TB,127852.4,N/A
ASUS ROG Strix SCAR 18 Gaming Laptop Intel Core i9 13980HX 64G RAM 2T SSD RTX4090 16GB 2.5K Screen 165Hz 18Inch Computer,2550822.4,11 sold
New Lenovo Legion Y9000P 2022 Gaming Laptop 12th Intel Core i7-12700H/i5-12500H RTX3060 6G 2.5K 165Hz 15.6Inch Game Computer,733361.44,N/A
Genuine Leahther Men Briefcase Portable Office Handbag for Laptop Bag High Quality Business Messenger Shoulder Bags Travelling,12125.17,"1,000+ sold"
ASUS VivoBook Pro 15 Slim Gaming Laptop 11th Intel Core i5 11300H 16G RAM 512G SSD OLED Screen 15Inch Business Notebook Computer,492627.58,N/A
Lenovo Legion R9000P E-Sports Gaming Laptop R7-5800H/R7-6800H 16G 512G SSD GeForce RTX3060 6GB/RTX3060 6GB 165Hz 15.6 Inch,661619.56,N/A
Intel Processor N100 14 inch 32 GB DDR4 2TB SSD Slim Laptop YOGA 6000 mAh Tablet 2-in-1 1920*1080 Screen Touch 360° Flip Office,104813.96,9 sold
NEW Laptop Case for DELL 15 G3 3500 3590 Notebook LCD Back Cover Case/Front Frame/Hinges/Palmrest/Bottom Case Laptop Accessories,5828.4,44 sold
